Name;Value.Forms.EventType;Value.Forms.Skill;Value.Forms.TimeStamp
1136938727801755194;;;
1170930898144137358;FormDataEvent;4;1701098846
1348597222705622771;;;
1559991142925896870;;;
1669824004329016260;FormDataEvent;1;1701086341
1754805883208873149;;;
1926477487859662175;;;
1954032360092724577;FormDataEvent;4;1701109174
1954032360092724577;FormDataEvent;4;1701109333
1954032360092724577;FormDataEvent;2;1701109890
2079816969066347919;;;
2593081460619558306;FormDataEvent;3;1701105896
2635443620960614827;;;
2929951246141652755;;;
3188471634300217347;FormDataEvent;3;1701017425
3962045993561300221;;;
4790264683402568489;FormDataEvent;3;1701026705
4804308404685285831;;;
5986391473002579995;;;
6137042090175494155;FormDataEvent;3;1701098490
6430376389577212026;;;
6509716804434035048;FormDataEvent;2;1701094702
6611222696482831316;FormDataEvent;3;1701097881
6611222696482831316;FormDataEvent;3;1701098543
6611222696482831316;FormDataEvent;3;1701098716
6611222696482831316;FormDataEvent;4;1701099324
6611222696482831316;FormDataEvent;4;1701099817
6611222696482831316;FormDataEvent;5;1701101136
6611222696482831316;FormDataEvent;5;1701102692
6743655186882880849;FormDataEvent;4;1701520911
6743655186882880849;FormDataEvent;5;1701520971
6743655186882880849;FormDataEvent;4;1701521209
6743655186882880849;FormDataEvent;2;1701522646
6764646272537405998;;;
6924530571938175589;;;
7205502176705560358;;;
7578375308724127810;;;
7633398167979153821;FormDataEvent;3;1701027991
7961949740771509987;FormDataEvent;3;1701023777
8093290578820947228;;;
8128382991677322461;;;
8130121790971488349;FormDataEvent;5;1701154386
8130121790971488349;FormDataEvent;3;1701154609
8130121790971488349;FormDataEvent;4;1701154814
8419089351206198831;;;
8489975859974970317;FormDataEvent;5;1701255649
8489975859974970317;FormDataEvent;3;1701256191
8489975859974970317;FormDataEvent;2;1701256769
8559074508070845435;FormDataEvent;2;1701053525
8850877846159865729;;;
8960612724282952366;FormDataEvent;5;1701032675
